{"_timestamp":1.7606436472348382e+09,"_step":199,"_wandb":{"runtime":22},"_runtime":22,"Epoch":200,"Training loss":0.5950861579907057,"Validation loss":0.606328010559082}