{"Epoch":200,"Training loss":0.596977879506174,"Validation loss":0.5853444933891296,"_timestamp":1.7606436852339733e+09,"_wandb":{"runtime":19},"_runtime":19,"_step":199}