{"_step":199,"Epoch":200,"_wandb":{"runtime":13},"_runtime":13,"Training loss":0.6013830503106619,"Validation loss":0.5834978818893433,"_timestamp":1.7605959870065084e+09}