{"Validation loss":0.5461984276771545,"_timestamp":1.760644631961847e+09,"_step":199,"Epoch":200,"_wandb":{"runtime":24},"_runtime":24,"Training loss":0.5970402619113093}