{"Epoch":200,"Training loss":0.5821143738183534,"Validation loss":0.5723620653152466,"_timestamp":1.7606494518089035e+09,"_step":199,"_wandb":{"runtime":16},"_runtime":16}