{"Epoch":200,"Training loss":0.5903465476979046,"Validation loss":0.5859355926513672,"_timestamp":1.76061697354258e+09,"_step":199,"_wandb":{"runtime":12},"_runtime":12}