{"Training loss":0.5869259387463708,"Validation loss":0.5816982388496399,"_timestamp":1.7606167717761686e+09,"_step":199,"_wandb":{"runtime":9},"_runtime":9,"Epoch":200}