{"_step":199,"_wandb":{"runtime":22},"_runtime":22,"Epoch":200,"Training loss":0.5926660407141248,"Validation loss":0.5344182848930359,"_timestamp":1.7606206193478272e+09}