{"_runtime":12,"Epoch":200,"Training loss":0.5763590827396173,"_wandb":{"runtime":12},"Validation loss":0.6039654016494751,"_timestamp":1.7605939944587362e+09,"_step":199,"Training accuracy":0.6942496493688639,"Validation accuracy":0.6966292134831461}