{"_timestamp":1.760621759021642e+09,"_wandb":{"runtime":26},"_runtime":26,"_step":199,"Epoch":200,"Training loss":0.5702757708320778,"Validation loss":0.5851935148239136}