{"Training loss":0.6534499592901446,"Validation loss":0.6577365398406982,"_wandb":{"runtime":19},"_runtime":19,"_timestamp":1.7606214735210936e+09,"_step":199,"Epoch":200}