{"_runtime":13,"_timestamp":1.7606213046822958e+09,"_step":199,"Epoch":200,"Training loss":0.6094815766995284,"Validation loss":0.555989146232605,"_wandb":{"runtime":13}}