{"_step":199,"Epoch":200,"Training loss":0.663369478885121,"Validation loss":0.6554161906242371,"_timestamp":1.760621533838041e+09,"_wandb":{"runtime":15},"_runtime":15}