{"Training loss":0.6565207501698342,"Validation loss":0.2990764081478119,"_timestamp":1.760648967989416e+09,"_wandb":{"runtime":17},"_runtime":17,"_step":0,"Epoch":1}