{"_timestamp":1.7606221448895075e+09,"_wandb":{"runtime":20},"_runtime":20,"_step":199,"Epoch":200,"Training loss":0.5875054695663078,"Validation loss":0.5465469360351562}