{"_runtime":34,"Validation loss":0.5560721755027771,"_timestamp":1.7606952066115057e+09,"_step":199,"Epoch":200,"Training loss":0.5863958341376477,"_wandb":{"runtime":34}}