{"_runtime":36,"Epoch":200,"Training loss":0.5365452654398507,"Validation loss":0.5962052345275879,"_timestamp":1.7606220652042549e+09,"_step":199,"_wandb":{"runtime":36}}