{"Validation loss":0.5855302214622498,"_timestamp":1.760621964889582e+09,"_step":199,"_wandb":{"runtime":13},"_runtime":13,"Epoch":200,"Training loss":0.5890335729045253}