{"Validation loss":0.7001067399978638,"_timestamp":1.7606952612124383e+09,"_wandb":{"runtime":16},"_runtime":16,"_step":199,"Epoch":200,"Training loss":0.5668936297401974}