{"Training loss":0.6668714454598714,"Validation loss":0.6434433460235596,"_timestamp":1.7606216009637845e+09,"_step":199,"Epoch":200,"_wandb":{"runtime":13},"_runtime":13}