{"_step":199,"_wandb":{"runtime":19},"_runtime":19,"Epoch":200,"Training loss":0.5816892684759967,"Validation loss":0.5431001782417297,"_timestamp":1.760621866605518e+09}