{"_wandb":{"runtime":22},"_runtime":22,"Epoch":200,"Training loss":0.581075793228845,"Validation loss":0.6139392852783203,"_timestamp":1.7606212094027472e+09,"_step":199}