{"_step":199,"_wandb":{"runtime":13},"_runtime":13,"Epoch":200,"Training loss":0.5830253002352668,"Validation loss":0.6474524736404419,"_timestamp":1.7606222746011887e+09}