{"_timestamp":1.760622196556481e+09,"_step":199,"Epoch":200,"Training loss":0.5830175645889775,"Validation loss":0.5598527789115906,"_wandb":{"runtime":15},"_runtime":15}