{"Training loss":0.5740749657906457,"Validation loss":0.6137340664863586,"_wandb":{"runtime":16},"_runtime":16,"_timestamp":1.7606199337451582e+09,"_step":199,"Epoch":200}