{"_timestamp":1.7606200183198729e+09,"_step":199,"_wandb":{"runtime":22},"_runtime":22,"Epoch":200,"Training loss":0.5914221644234356,"Validation loss":0.6098430752754211}