{"Epoch":200,"Training loss":0.5832086821592205,"Validation loss":0.6023699045181274,"_timestamp":1.7605957383525596e+09,"_step":199,"_wandb":{"runtime":11},"_runtime":11}