{"_timestamp":1.7606445860708966e+09,"_step":199,"Epoch":200,"Training loss":0.5753576340882675,"_wandb":{"runtime":32},"_runtime":32,"Validation loss":0.6183878183364868}