{"Epoch":200,"Training loss":0.5859922476603975,"_wandb":{"runtime":23},"_runtime":23,"Validation loss":0.6010034680366516,"_timestamp":1.760649388131388e+09,"_step":199}