{"Epoch":200,"Training loss":0.6405590553604704,"_wandb":{"runtime":28},"_runtime":28,"Validation loss":0.6674474477767944,"_timestamp":1.7606213886082058e+09,"_step":199}