{"_runtime":23,"Epoch":200,"Training loss":0.5931790018817319,"Validation loss":0.5915569067001343,"_timestamp":1.760695368515035e+09,"_step":199,"_wandb":{"runtime":23}}