{"Validation loss":0.6155657172203064,"_timestamp":1.7606219167815332e+09,"_step":199,"Epoch":200,"Training loss":0.5798462097641462,"_wandb":{"runtime":15},"_runtime":15}