{"_runtime":27,"_timestamp":1.7606209825543342e+09,"_step":199,"Epoch":200,"Training loss":0.5496144610735344,"Validation loss":0.5837439298629761,"_wandb":{"runtime":27}}